ID,Epic,Title,Priority,Sprint,Points,Dependencies,Acceptance criteria
FOUND-001,Foundations,Create pnpm TypeScript monorepo,P0,0,3,,"Web worker and shared packages build from one command"
FOUND-002,Foundations,Configure strict TypeScript lint and formatting,P0,0,2,FOUND-001,"CI rejects lint type and format errors"
FOUND-003,Foundations,Create GitHub CI workflow,P0,0,3,FOUND-001,"Every PR runs build unit integration and migration checks"
FOUND-004,Foundations,Define environment validation and secret boundaries,P0,0,3,FOUND-001,"Startup fails clearly when required server variables are absent"
FOUND-005,Foundations,Write architecture decision records 001-008,P0,0,3,,"Every structural choice has context decision and consequences"
FOUND-006,Foundations,Create local Supabase/PostgreSQL environment,P0,0,3,FOUND-001,"A new developer starts the local stack from documented commands"
DATA-001,Procurement,Request licensed BVC data quotations,P0,0,5,,"Quotes explicitly cover automation storage calculations and user display"
DATA-002,Procurement,Verify MASI Total Return availability and rights,P0,0,3,,"Written source and permitted usage are recorded or feature is marked unavailable"
LEGAL-001,Compliance,Map CNDP and cross-border hosting requirements,P0,0,5,,"Counsel records required declaration or authorization path before production"
LEGAL-002,Compliance,Draft provisional financial-information disclaimer,P0,7,3,LEGAL-001,"FR and AR text distinguishes information from personalized advice"
TEST-001,Financial QA,Create independent golden calculation workbook,P0,0,5,,"Expected ledger positions TWR XIRR fees taxes and dividends are signed off"
DB-001,Database,Create initial database schemas and migrations,P0,0,5,FOUND-006,"Fresh and upgrade migration tests pass"
DB-002,Database,Implement private role helper without recursive RLS,P0,1,3,DB-001,"Role lookup passes recursion and privilege tests"
DB-003,Database,Implement RLS ownership policies,P0,1,5,DB-002,"User A cannot read or mutate User B resources using guessed UUIDs"
DB-004,Database,Implement append-only audit event controls,P0,2,5,DB-001,"Application roles cannot update or delete audit events"
AUTH-001,Identity,Implement registration login logout and recovery,P0,1,5,DB-003,"FR and AR flows succeed and error states are translated"
AUTH-002,Identity,Create user profile and locale settings,P0,1,3,AUTH-001,"Locale persists and AR sets document RTL"
AUTH-003,Identity,Implement server-side authorization DAL,P0,1,5,AUTH-001,"Every protected mutation checks session ownership and role"
PORT-001,Portfolio,Create rename archive portfolio,P0,1,5,AUTH-003,"Owner can manage own portfolio only and archive preserves history"
ENGINE-001,Financial Engine,Implement decimal money and quantity types,P0,1,3,FOUND-001,"No financial path uses binary floating point for stored amounts"
ENGINE-002,Financial Engine,Implement cash ledger for deposits and withdrawals,P0,1,5,ENGINE-001,"Golden deposits withdrawals and balances match exactly"
ENGINE-003,Financial Engine,Implement buy and weighted average cost,P0,1,8,ENGINE-002,"Quantity cash cost basis fees and taxes match golden fixtures"
TX-001,Transactions,Create transaction command with idempotency,P0,1,5,PORT-001|ENGINE-003,"Duplicate idempotency key produces one financial effect"
TX-002,Transactions,Build deposit and buy entry forms,P0,1,5,TX-001,"Valid transaction is confirmed and invalid input is explained in FR and AR"
SNAP-001,Valuation,Create first portfolio snapshot job,P0,1,5,TX-001,"Job is repeatable and produces one current version per valuation date"
UI-001,Dashboard,Show total cash securities value and unrealized gain,P0,1,5,SNAP-001,"Dashboard matches golden fixture and identifies valuation date"
E2E-001,Quality,Test first vertical slice across two users,P0,1,5,UI-001|DB-003,"Register deposit buy price snapshot and isolation pass in browser test"
ENGINE-004,Financial Engine,Implement partial sale and realized gain,P0,2,8,ENGINE-003,"Remaining cost basis and realized gain match golden fixtures"
ENGINE-005,Financial Engine,Implement dividends as cash income,P0,2,5,ENGINE-002,"Dividend changes cash and income but never quantity"
ENGINE-006,Financial Engine,Implement independent fees and taxes,P0,2,3,ENGINE-002,"Each fee and tax affects cash and performance exactly once"
ENGINE-007,Financial Engine,Implement reversal and version rules,P0,2,8,ENGINE-003|DB-004,"Reversal preserves original entry and creates an audited counter-effect"
TX-003,Transactions,Build sale dividend fee tax forms,P0,2,8,ENGINE-004|ENGINE-005|ENGINE-006,"All transaction types validate and produce expected ledger effects"
TX-004,Transactions,Build transaction history and audit detail,P0,2,5,TX-003,"User sees versions reversals dates values and explanatory status"
ENGINE-008,Financial Engine,Enforce negative-cash rule,P0,2,3,ENGINE-002,"Unauthorized negative balance is rejected atomically"
PERF-001,Performance,Build daily valuation series,P0,3,8,SNAP-001,"Every valid market day has reproducible cash securities and total values"
PERF-002,Performance,Implement daily TWR convention,P0,3,8,PERF-001|TEST-001,"External flows before close and segment breaks match reference"
PERF-003,Performance,Implement XIRR solver and failure states,P0,3,8,PERF-001|TEST-001,"Valid cases converge within tolerance and invalid cases explain non-calculability"
PERF-004,Performance,Implement performance decomposition,P0,3,5,PERF-002,"Price gains dividends fees taxes and external flows reconcile to totals"
PERF-005,Performance,Implement period filters,P0,3,5,PERF-002,"1M 3M YTD 1Y 3Y 5Y and available periods share aligned dates"
BENCH-001,Benchmark,Implement provider-independent benchmark contract,P0,3,3,DATA-002,"Benchmark can be supplied or disabled without changing portfolio calculations"
BENCH-002,Benchmark,Normalize portfolio and MASI TR to 100,P0,3,5,BENCH-001|PERF-002,"Both series begin on the same valid analytical date"
UI-002,Dashboard,Build performance and benchmark charts,P0,3,8,PERF-005|BENCH-002,"Charts include accessible table summary freshness and unavailable states"
QUEUE-001,Jobs,Create PGMQ queues and transactional outbox,P0,1,5,DB-001,"Committed mutations enqueue once and rolled-back mutations enqueue nothing"
QUEUE-002,Jobs,Create Node worker consumer with leases and retries,P0,1,5,QUEUE-001,"Crash and retry do not duplicate side effects"
MARKET-001,Market Data,Define raw provider contracts and schemas,P0,4,5,DATA-001,"Contract validates security prices corporate actions and benchmark payloads"
MARKET-002,Market Data,Implement deterministic mock provider,P0,0,3,MARKET-001,"All pipeline states can be tested without licensed data"
MARKET-003,Market Data,Store immutable raw batches and hashes,P0,4,5,MARKET-001,"Duplicate identical batch is recognized and raw content cannot be overwritten"
MARKET-004,Market Data,Normalize instruments dates and prices,P0,4,8,MARKET-003,"Normalized output is provider-independent and invalid rows are isolated"
MARKET-005,Market Data,Implement validation and anomaly rules,P0,4,8,MARKET-004,"Coverage duplicates stale values and abnormal moves produce explicit results"
MARKET-006,Market Data,Implement quarantine and admin review,P0,4,5,MARKET-005,"Blocked lot cannot publish until authorized resolution"
MARKET-007,Market Data,Publish validated lot atomically,P0,4,8,MARKET-006,"Readers see either the previous or complete new lot never a partial set"
MARKET-008,Market Data,Keep last valid price and freshness status,P0,4,5,MARKET-007,"Missing new value preserves last close and shows its source date"
MARKET-009,Market Data,Schedule EOD pipeline with monitored cron,P0,4,5,QUEUE-002|MARKET-007,"Three staged sessions complete automatically and failures alert admin"
MARKET-010,Market Data,Implement licensed production provider adapter,P0,4,8,DATA-001|MARKET-001,"Adapter passes contract suite and usage matches written rights"
RISK-001,Risk,Implement position and sector concentration,P1,5,5,PERF-001,"Top 1 top 5 cash and sector weights total consistently"
RISK-002,Risk,Implement annualized volatility with sufficiency rule,P1,5,8,PERF-001,"Fewer than 60 valid observations returns data insufficient"
RISK-003,Risk,Implement maximum drawdown,P1,5,5,PERF-001,"Peak trough and recovery dates match reference series"
RISK-004,Risk,Implement correlation matrix with missing-data policy,P1,5,8,PERF-001,"Pairwise output states observation count and no-trade-day convention"
COMPANY-001,Companies,Build BVC security directory and search,P1,5,5,MARKET-007,"All supported equities are searchable by name and ticker"
COMPANY-002,Companies,Build company summary page,P1,5,8,COMPANY-001,"Every metric shows source date and unavailable state"
SCREEN-001,Screener,Build non-advisory base screener,P1,5,8,COMPANY-002,"Sector performance dividend and availability filters work without buy ranking"
ADMIN-001,Administration,Build ingestion run dashboard,P0,4,8,MARKET-006,"Admin sees status coverage anomalies logs and retry action"
ADMIN-002,Administration,Implement dual-sensitive correction workflow,P0,6,8,ADMIN-001,"Correction records proposer approver reason before and after"
HIST-001,Historical Positions,Implement five-year opening position boundary,P0,6,8,PERF-001,"Opening quantity and boundary price follow approved rules"
HIST-002,Historical Positions,Implement five-session review and provisional price,P0,6,8,HIST-001|ADMIN-002,"Delayed price flags review and uses dated pre-boundary provisional close"
RECALC-001,Recalculation,Implement scoped versioned recalculation,P0,6,8,QUEUE-002|ADMIN-002,"Old snapshots remain and all dependent metrics regenerate once"
NOTIF-001,Notifications,Create before-and-after recalculation notice,P0,6,8,RECALC-001,"Affected metrics reason source and dates remain prominent until acknowledgment"
NOTIF-002,Notifications,Implement view-only acknowledgment semantics,P0,6,5,NOTIF-001,"Button activates after details open and records view without acceptance wording"
SUPPORT-001,Support,Create linked issue from recalculation,P1,6,8,NOTIF-001,"Issue links portfolio security recalculation and audit with unique case number"
SUPPORT-002,Support,Implement trackable case statuses and comments,P1,6,8,SUPPORT-001,"User sees status history comments and material notifications"
I18N-001,Internationalization,Establish FR AR translation framework,P0,1,5,FOUND-001,"No user-visible functional string bypasses translations"
I18N-002,Internationalization,Implement and visually test RTL shell,P0,1,5,I18N-001,"Navigation forms tables and charts remain usable in Arabic"
A11Y-001,Accessibility,Establish automated and manual accessibility checks,P0,1,3,FOUND-003,"Critical flows pass keyboard labels contrast and automated audit"
SEC-001,Security,Rate-limit authentication and sensitive mutations,P0,7,5,AUTH-001,"Repeated abuse is blocked without exposing account existence"
SEC-002,Security,Validate private attachments and signed access,P1,6,5,SUPPORT-001,"Invalid types and oversize files fail and URLs expire"
SEC-003,Security,Run authorization and dependency security review,P0,7,8,DB-003|AUTH-003,"No unresolved critical finding remains"
OPS-001,Operations,Implement structured logs and correlation IDs,P0,1,5,FOUND-004,"Request job ingestion and recalculation identifiers correlate end to end"
OPS-002,Operations,Create business metrics and alerts,P0,4,5,OPS-001|MARKET-009,"Stale data queue failure anomaly age and recalculation failure alert correctly"
OPS-003,Operations,Configure backups and retention,P0,7,5,DB-001,"Backup completes on schedule with documented retention"
OPS-004,Operations,Perform and document restoration test,P0,7,8,OPS-003,"Staging restore meets initial RPO and RTO targets"
PERFQA-001,Quality,Load-test daily portfolio recalculation,P0,7,8,RECALC-001,"Target portfolio volume finishes inside operational window without corruption"
E2E-002,Quality,Test full FR and AR investor journeys,P0,7,8,I18N-002|UI-002,"Registration portfolio operations dashboard and notices pass both locales"
E2E-003,Quality,Test failed ingestion and correction journey,P0,7,8,ADMIN-002|RECALC-001,"Invalid batch quarantine approval recalculation and user notice pass"
LAUNCH-001,Launch,Prepare closed beta environment and runbook,P0,7,5,SEC-003|OPS-004,"Rollback incident contacts and daily checks are executable"
LAUNCH-002,Launch,Complete public go-no-go review,P0,7,3,LAUNCH-001|LEGAL-002|DATA-001,"Every mandatory gate is evidenced and formally approved"
EXPORT-001,Exports,Export user transactions as CSV,P1,Post-beta,5,TX-004,"Export is complete localized and protected by ownership checks"
IMPORT-001,Future,Import broker statements from CSV,P2,Post-MVP,13,EXPORT-001,"Mapped preview validation and reversible import are supported"
